genre_description,games_count,avg_positive_ratio
Early Access,261,0.7082568368806693
Simulation,924,0.7178145716071644
Sports,163,0.7190544906477987
Strategy,801,0.7263479912083842
RPG,729,0.738858394007951
Free To Play,168,0.748181065544486
Racing,144,0.7499408777285781
Adventure,1406,0.7552924741107234
Casual,1482,0.7687717191221421
Indie,2386,0.7712119154301094
